{"population_size": 4987, "generations": 94, "stopping_criteria": 0.684813496186731, "parsimony_coefficient": 0.0020314452430649677, "p_crossover": 0.4560150169053707, "p_subtree_mutation": 0.4103658510393135, "p_hoist_mutation": 0.2726407022156154, "p_point_mutation": 0.024229535235337257}